{"AL": {"electoral_college": 8, "alphas": [[41.4, 15.608971779076288], [0.2828, 0.17867109447249713], [0.12079999999999999, 0.10428595303299482], [0.20599999999999996, 0.25042963083469183], [0.23959999999999998, 0.21155954244609249], [0.2792, 0.23284922160058855], [0.0853, 0.0925214029292682], [0.22999999999999998, 0.2719926469594353], [0.072, 0.11187493016757596]]}, "AK": {"electoral_college": 4, "alphas": [[4.777777777777778, 2.9355210696939795], [0.2053333333333333, 0.31188423778347274], [0.28888888888888886, 0.35973244515718267], [0.044444444444444446, 0.1257078722109418], [0.037000000000000005, 0.10465180361560905], [0.30744444444444446, 0.35342612338557833], [0.16666666666666666, 0.3333333333333333], [0.23777777777777778, 0.25027885682342305], [0.24666666666666665, 0.35568400457584687]]}, "AZ": {"electoral_college": 9, "alphas": [[8.777777777777779, 2.528845928164676], [0.21644444444444447, 0.18245006081489265], [0.1948888888888889, 0.19939655878254514], [0.3321111111111111, 0.28695584036744687], [0.39222222222222225, 0.3870262057672804], [0.04766666666666666, 0.09533333333333333], [0.22311111111111112, 0.3445620229426351], [0.24444444444444446, 0.2911323147494246], [0.09666666666666666, 0.1948788797632462]]}, "AR": {"electoral_college": 6, "alphas": [[13.333333333333334, 4.136557881996952], [0.3196666666666667, 0.24207023774103253], [0.17466666666666666, 0.17691743209129443], [0.14133333333333334, 0.16192865369936504], [0.29600000000000004, 0.22789081206187808], [0.082, 0.09521554494934113], [0.2527777777777778, 0.21177701993568498], [0.23222222222222222, 0.30853696979194417], [0.12000000000000001, 0.20038851153585518]]}, "CA": {"electoral_college": 3, "alphas": [[5.375, 1.996089927833914], [0.171875, 0.33620991861484395], [0.432875, 0.2461637856692166], [0.317125, 0.2374365375737273], [0.204125, 0.32930853219283585], [0.192125, 0.20691872649666102], [0.241125, 0.25609785117216427], [0.0, 0.0], [0.15625, 0.21423920626253262]]}, "CO": {"electoral_college": 4, "alphas": [[5.0, 3.681787005729087], [0.26944444444444443, 0.3718805396931509], [0.1001111111111111, 0.2551280482182512], [0.04711111111111112, 0.10498406698631778], [0.37777777777777777, 0.39094693523909285], [0.03333333333333333, 0.09428090415820632], [0.08700000000000001, 0.15943232629133486], [0.5277777777777778, 0.4344032376024679], [0.18444444444444447, 0.3182630327648679]]}, "CT": {"electoral_college": 2, "alphas": [[7.090909090909091, 3.315378641601903], [0.1999090909090909, 0.27050405963865265], [0.37981818181818183, 0.3193652278510148], [0.1049090909090909, 0.28645972413887266], [0.1719090909090909, 0.21790801000983484], [0.23863636363636367, 0.2449457352622015], [0.2484545454545455, 0.337351007823215], [0.19272727272727275, 0.24394824000523735], [0.09090909090909091, 0.19514351574043445]]}, "DE": {"electoral_college": 3, "alphas": [[3.4, 1.7435595774162693], [0.2833, 0.3283748011038606], [0.5667, 0.40167152002600337], [0.04, 0.12], [0.29, 0.3412884410582931], [0.3, 0.3654829681394196], [0.02, 0.06], [0.11499999999999999, 0.24295061226512685], [0.0, 0.0]]}, "FL": {"electoral_college": 17, "alphas": [[67.81818181818181, 34.49589746837673], [0.2413636363636364, 0.14537867339361008], [0.1739090909090909, 0.15232050810735448], [0.25945454545454544, 0.1598677656043858], [0.2726363636363636, 0.2257429240720405], [0.15654545454545457, 0.13562204408935594], [0.20018181818181818, 0.18508514904414727], [0.2690909090909091, 0.30095165862052714], [0.06909090909090909, 0.11524318520215063]]}, "GA": {"electoral_college": 12, "alphas": [[51.3, 22.62321816187962], [0.29389999999999994, 0.13709591532937807], [0.23020000000000002, 0.16415163721388829], [0.0673, 0.08112465716414462], [0.3218, 0.26722080757306305], [0.1748, 0.1507884610969951], [0.1058, 0.0887116677782579], [0.291, 0.27358545282964153], [0.06799999999999999, 0.10731262740237049]]}, "HI": {"electoral_college": 4, "alphas": [[2.888888888888889, 1.852592444503674], [0.42588888888888893, 0.43823597003452236], [0.1481111111111111, 0.2879924553195581], [0.018555555555555558, 0.0524830366480682], [0.4444444444444444, 0.43744488188954506], [0.07777777777777778, 0.1617802197617893], [0.14444444444444446, 0.2793290019994786], [0.23333333333333334, 0.3346308081718982], [0.1111111111111111, 0.22278262671364685]]}, "ID": {"electoral_college": 4, "alphas": [[2.3333333333333335, 0.4714045207910317], [0.16666666666666666, 0.23570226039551584], [0.16666666666666666, 0.23570226039551584], [0.0, 0.0], [0.3333333333333333, 0.23570226039551584], [0.3333333333333333, 0.23570226039551584], [0.0, 0.0], [0.5566666666666666, 0.41603952803656635], [0.11, 0.15556349186104046]]}, "IL": {"electoral_college": 7, "alphas": [[13.1, 6.803675477269621], [0.18755, 0.20899335515752648], [0.22350000000000003, 0.2961149270131447], [0.11744999999999998, 0.17806465820032902], [0.2004, 0.187831413773096], [0.33140000000000003, 0.2926951314935047], [0.07809999999999999, 0.09414610985059339], [0.196, 0.24852364072659167], [0.083, 0.1303878828726044]]}, "IN": {"electoral_college": 6, "alphas": [[12.818181818181818, 6.846607412277357], [0.3003636363636364, 0.23947946305088563], [0.076, 0.08918825850158446], [0.1966363636363636, 0.18517425342695837], [0.2604545454545455, 0.2246534153419293], [0.11336363636363637, 0.11380148004092096], [0.2487272727272727, 0.20225280800796672], [0.22727272727272727, 0.26282005282186754], [0.08545454545454546, 0.14163741393005377]]}, "IA": {"electoral_college": 7, "alphas": [[7.818181818181818, 4.6479356476960785], [0.5170909090909092, 0.35102718220193163], [0.21809090909090909, 0.33566554093606454], [0.07154545454545455, 0.11838025298807509], [0.3635454545454545, 0.3858783048004934], [0.2273636363636364, 0.3075818509621826], [0.010090909090909091, 0.03191025638897183], [0.17454545454545453, 0.23623423031019009], [0.1490909090909091, 0.26800456391821337]]}, "KS": {"electoral_college": 3, "alphas": [[6.1, 2.6248809496813377], [0.2158, 0.21686668716056876], [0.2011, 0.2544823962477562], [0.3297, 0.3410639382872367], [0.1925, 0.19334955391725114], [0.24749999999999997, 0.336609937464716], [0.22999999999999998, 0.3341822855867737], [0.16899999999999998, 0.17061359852016486], [0.09, 0.157797338380595]]}, "KY": {"electoral_college": 5, "alphas": [[5.7, 6.403905058634146], [0.24000000000000005, 0.30724582991474436], [0.19, 0.266270539113887], [0.22999999999999998, 0.3257299494980466], [0.1333, 0.305483240129471], [0.10329999999999999, 0.17151679218082408], [0.3234, 0.3541048432314927], [0.20800000000000002, 0.31444554377507083], [0.1, 0.22912878474779202]]}, "LA": {"electoral_college": 8, "alphas": [[18.6, 9.297311439335566], [0.1555, 0.20931280419506113], [0.38259999999999994, 0.2999317255643357], [0.0543, 0.06849970802857484], [0.2611, 0.2751317684310556], [0.1915, 0.2285345706889879], [0.15750000000000003, 0.15642586103327033], [0.286, 0.3026615271222955], [0.08800000000000001, 0.16491209779758428]]}, "ME": {"electoral_college": 1, "alphas": [[1.0, 0.0], [0.5, 0.5], [0.0, 0.0], [0.5, 0.5], [0.5, 0.5], [0.0, 0.0], [0.0, 0.0], [0.0, 0.0], [0.0, 0.0]]}, "MD": {"electoral_college": 7, "alphas": [[8.2, 4.6], [0.3102, 0.34002376387540917], [0.13440000000000002, 0.1640714478512334], [0.0643, 0.11840358947261692], [0.199, 0.22862983182428315], [0.15050000000000002, 0.15747333107545544], [0.2505, 0.2979725658512878], [0.28700000000000003, 0.3570448151142935], [0.06799999999999999, 0.13717142559585796]]}, "MA": {"electoral_college": 1, "alphas": [[1.25, 0.4330127018922193], [0.0, 0.0], [0.5, 0.5], [0.25, 0.4330127018922193], [0.0, 0.0], [0.25, 0.4330127018922193], [0.25, 0.4330127018922193], [0.25, 0.4330127018922193], [0.0, 0.0]]}, "MI": {"electoral_college": 5, "alphas": [[26.0, 8.660254037844387], [0.2711, 0.2815476691432554], [0.1177, 0.14366561871234187], [0.09570000000000001, 0.16971744164934846], [0.4096, 0.35834235027414774], [0.1552, 0.15910989912635856], [0.0322, 0.05043173603991836], [0.149, 0.14152384958020325], [0.063, 0.10237675517420936]]},